ID,Description,Length,Molecular_Weight,Isoelectric_Point,Extinction_Coefficient_Reduced,Extinction_Coefficient_Oxidized,Aromaticity,Instability_Index,Gravy
sp|Q8THH1.1|MCRA_METAC,sp|Q8THH1.1|MCRA_METAC,570,62074.5296,5.140427589416503,68760,69135,0.0912280701754386,36.12019298245613,-0.23403508771929826
sp|O27232.3|MCRA_METTH,sp|O27232.3|MCRA_METTH,550,60481.09369999999,4.823209190368652,73230,73480,0.10727272727272727,39.11387272727277,-0.25963636363636367
sp|P11559.1|MCRA_METVO,sp|P11559.1|MCRA_METVO,555,61226.131199999996,4.986223411560058,76210,76585,0.1009009009009009,36.99769369369369,-0.2945945945945946
sp|P07961.1|MCRA_METVA,sp|P07961.1|MCRA_METVA,553,60836.8197,5.126956748962402,76210,76460,0.10126582278481013,38.8736347197107,-0.27287522603978304
sp|P12971.1|MCRA_METFE,sp|P12971.1|MCRA_METFE,555,61549.2787,5.204371452331542,80220,80470,0.1045045045045045,40.42616216216223,-0.36036036036036034
sp|P07962.3|MCRA_METBF,sp|P07962.3|MCRA_METBF,570,61961.300899999995,5.017257499694824,65780,66280,0.0912280701754386,34.38229824561402,-0.20631578947368423
