ID,Description,Length,Molecular_Weight,Isoelectric_Point,Extinction_Coefficient_Reduced,Extinction_Coefficient_Oxidized,Aromaticity,Instability_Index,Gravy
ABP49329.1,ABP49329.1 matrix protein 2 [Influenza A virus (A/AA/Huston/1945(H1N1))],97,11204.6997,5.147930335998534,13980,14105,0.0824742268041237,52.638144329896896,-0.22164948453608252
ADH01960.1,ADH01960.1 matrix protein 2 [Influenza A virus (A/Aalborg/INS133/2009(H1N1))],97,11265.6471,4.756423377990722,15470,15595,0.09278350515463916,70.64845360824742,-0.3144329896907217
AOZ85739.1,AOZ85739.1 matrix protein 2 [Influenza A virus (A/Alabama/01/2016(H1N1))],97,11193.5844,4.865497398376465,15470,15595,0.09278350515463916,68.66288659793814,-0.2855670103092784
AGL06251.1,AGL06251.1 matrix protein 2 [Influenza A virus (A/Alaska/04/2012(H3N2))],97,11190.6731,5.147930335998534,13980,14105,0.0824742268041237,42.02371134020618,-0.22474226804123712
ALH33400.1,ALH33400.1 matrix protein 2 [Influenza A virus (A/Alabama/01/2015(H3N2))],97,11132.636999999999,5.3265184402465815,13980,14105,0.0824742268041237,39.048453608247414,-0.18969072164948456
ALM04513.1,ALM04513.1 matrix protein 2 [Influenza A virus (A/Addis Ababa/1514A07305892N/2013(H3N2))],97,11190.6731,5.147930335998534,13980,14105,0.0824742268041237,42.02371134020618,-0.22474226804123712
